Restaurant Name,Restaurant ID
Happy Rolls,61a5e138690ba8327511a47d
Tacos Beldi,69884718b957bfc3933a8a21
Route 66 Eateries,6571df7b27c7eb2b7d9834ca
Burger Boom,66be2c5c4230686d4208654f
Beldi Box,6981ca5d49d978910b324676
Bsquare Gauthier,68cfeeb4994ef9c7b7b4e71f
Bayt Chiwae بيت الشواء,6491a1e5635d8d9e577fd13c
Lil Beirut,66c21883b2e9689e0a46dd59
O'Point Pizza Au Four A Bois,6479d048ae979f908fc69442
Restaurant H24,61d2d3584ebca28d5f4ac200
Cuisine H24,6593d95ab0c97413eecf7d8e
Breakfast & Coffee Shop H24,658e8a1cdfe41345afb1afdc
Restaurant Le Buffet,659e8cf07f1d2f4f208710e8
Cuisine Le Buffet,659e8e6868446a4eda02db40
Breakfast& Coffee shop  Buffet,659e916a26a7bc50570183ab
Cuisine Gala,65a62d779f500bd1a6fe40c9
Gala Restaurant,65a62cb9f3edbfe3b14dd49c
Breakfast& Coffee Shop Gala,65a5515787ff355116cf4a28
Capanna,6523ba9fb63b3319c666bfb1
Addawk Ashami,6772acc6272b95077c0b6ac4
Restaurant Mister Chakib,694abc001254b3e0f4af7f53
Asmak Baha,64340f9ce3f66f911b2eb30c
O'Tacos Salé,66fd196ac9613be3c1c83079
Oued Edahab,66e30f9512929c80d4f7df6c
Breaky,67a39b299d1e4ad796874e5a
Every Day,65dc598843de0d746b4ff094
La Place 14,650819c322221b03cf3f384d
Salade Bar,652026d6f915780a9805159b
Fast & Delicious,662b6b041a21bf980dbbc63c
Chez El Ouazzani,673c8e91c4b8f16c121c413a
Batbout Mima,68c7d77dc591f78cfbb94505
Food 78,6980aaf385322eed87665dec
Adelis,663dff4f42751a000dc009fe
Pergola,65533638ece9ac3b7cfce6bd
Tramonto D'Oro,6486e51822537f50ca4e9990
Chez Ouazzani,67c30ce945897608e0a8c3f0
Dar El Mansour,698473c1f2ae39dbdeba4642
Coin Délices,66e405c9cf14eec99fff23cf
Deux Délices,6405a8eefaa2e228034f2041
Espace Anssari,631065984ca7b9ab3e416877
Qaouti House,665dc1425096c881222fffb8
Fifties Diner,69e5f45409b4ec241aa9f8e1
Boutairi Food,63d7d4d8f89820849718fd89
Fast Food Panda,672a462b48c6570a8fd382e8
Stripsy,69f3149c7fc83ef6788a384e
Krousty Klub,69e8e1411b71e11c7aa154ea
Coq Chef,65b771feaf6cd9376d7a08e9
Cozy Café Pâtisserie,66571538a4ef410b352bf9d6
Pâtisserie Oualid,65eeef98029e2f6103366ae0
El Grandée Tacos,665eec4f058e8b75e4df9a2c
Valdi Divce,681b3d5aca8d78a4c065a40e
Beldi Cook,6978875648aa67a8fabd7d99
Maragato,63b596d88e47d7540320073a
Poke House,65cf2adbe8cda836550184a2
Turkish Chef,61c5b0c30a61261eed82dffa
Bling Bling Chicken,6895e175d6476cceef150d0b
Mam'S Pasta,66c3620cc33cfd1ede33e4ab
Wik Wik,680603ca218ab2f6732ad242
Chicken Avocado,65201cbe05284f234e22e6fb
Zayna,658009372bce8c84c0560db7
Les Tomates,644900337cb2b781872e8aba
Snack Taha,64be7f34f317101175d91831
Food Stop,68dbc2dd840c71ebf4e1b889
Aregato,69e2164caa3096095d9fec3b
Arzak,6694e9643f3b864499997a07
Soul Pur,64a533befbc781535a3051a1
Mega Viande,698203accab7b603318a58ef
Rafa Food,696f612bc990a01ae57e61a9
Foodmood,687f6525fa2415f485a48915
Fries Crunchy,69281a5932a5c222ea9ea7fb
44 Brunch,68109995665ae6bea6f7f819
Grills Baba Ali,66e2c75e9f2649eef61297fb
I Want Crispy,650813102020392bf9d4ff90
Pâtisserie Fennich,6065da4a508d879d975ba460
Pizza Boujemaa,64918e90d35ce2e5a9c0034a
Brother'S Store,6825f6fd994ef0bb97d46fd0
El Chico Gusto,64a54e1174cd837ea76a3749
Zeste,6981c6268436a30d9a506572
Patisserie Casabianca,65d85dd89b11c01608d69d3b
Cafe Patisserie Shazine,65cb783f19bf76448387b01d
Snack For You,6479c1b180b95e24acb94b96
Karma,69da540273b1b30af092a6c5
Snack Chadly Grillades,6a0ec1d0477199b2b4b343e0
Pomod'Oro,6731dcf09ffbb6a925790859
Snack Mouad,637b5972a8036e2aec1bed8c
Mister Cool,63eca42aec70df5c151ad2a4
Samraa Boutique,691998ac5e38b71155c2ca42
Palmier Mabrouka,6925d0fb6a060c99a19bea8f
Snack Mabrook,647475613325290d6a44e8d3
Myo Fusion Asiatique,68d95845cb009e1c81e1102a
Lecheria Mango,6650453cd7a8b7f1ca52e8d8
Spécial Burger,66755c29cf9e2bce240fa43c
Pescara,63f724a3b6e63315bac3f424
Atlas Sushi,67236fd326fd660f62e0831d
Crêperie Monalisa,6087eea5b5de586187f694a3
Amazonico,65cf3f32d2aa704020357589
Us Vape,6740592bc0a0cbfe2618b37e
Yama Sushi,618bde2ecb8815e0538eb9ef
Three Cups,68936ab1f88d5dbb5df90532
Tayebat Cham,6a0ed09843f924f991729662
Eatopia Food,6a0db369ce1300fc900f3574
Bocadillos A 48,67f6524cbb8706feb6d81350
Dar Larita,650c499044f1d83642886de4
Bocadillos Castillejos,6914a65bdce9559d6b096098
Sushi Youzar Témara,638f16474445bfc95c5e0148
Mondial Jus,6984568ab7c25d875de2f108
La Panda Ice,68ad945a4f32e9636960c26a
Yam Yam,69da65897b3474bdd7f5d3e0
12Cool,6971f394a016baffe7011bae
Cappuccino De Fes,6925c5148b43764df21380cc
Le Petit Coin Barbecue,652d0136b1f1c8df077c7046
Ben'S Coffee Shop,676abbb09421a6545f600af9
The Number One,69889283880ff9c62e63c07d
Dar Dajaj,60b0b65754babe6a0a5750c4
Snack Chamal,5fc7a0589be6453260703d78
Gratos,68efc1fc2bbf071acc4c45b3
Oregal,6426d655278db53e937ed7bf
Rouh El Fajr Beldi,69e78aac4b1c1953624ec28f
L’Angle Food,69723d69784003331f21807f
Tradi Noble,6737629231cb9f1e8e149260
Coffee Berry,67fe27e8343aaea5bd9e91b0
Pick Coffee,67179dcf4b418761851abc90
Nigiri House,69d966300c3d4c34445efc4e
Sandwich Goya,649025c85b835bc4cbfd99e0
Koko Chicken,67604ce5a33c61a6c30db30b
Snack Roma,64b6a8f8967c7d121788b007
L'Maalam,67643be0e9fdc6f0e4e29677
Snack Pizzeria Hamza,66881c306b844c8fbec0f9be
Napoli Gusto,687fa87785fc6b592aa38bd3
Green & Bnin,69887e196f9d9fba82809961
Win Win Fast Food,65e5849035f08adb6ccfce5c
Viandari Market,65def6c1a9fe2ee83b65ed82
M9Ila 26,692c5d749a433c17f54a40d5
Snack Kamas,6737778bbc726e8b65955c6e
Taco Délice,6852ca3c2677d958320988e8
Amoud Snack,691c2f4d794eabe99c2922c8
Food 88,64ca1660e98955780dfbf91e
Healthy Salade,65202b20b5c82f1fba41ded6
Snack Leader,647718654996d01199bdf9b0
Ines Food,60019a47754b929910fdc6af
Vapelite Fes,6814aaf7365cbd7b82f9d82e
Val Fleuri,69d7a7548117b4ecf1a3e2f9
Chicken Shika,6659eefd2460962c98e42d95
Bacara Healthy Food,6568946973e27dca517995e0
Del Sol Fast Food,69820a228436a30d9a533e05
Kanti Cup,69662d3a8ad3970fcb0bc387
Crep'Eat,66ab56fc85e8bc6d8db1df53
Cactus,63ef3c778da7de0245879803
Cap Gourmet,6852bcde3834603445bcffe9
Le Nautilus,68aee6f8f74608ab5ff9e2b1
Carrion Irfane,67c981d35e891844cf3d5f1e
Miss La Fleuriste,694a703b8b9e1c924721da64
Chef Saad,69660665bb0d9d12ea44f9c2
Crunchy Fatafit,6483045e6e35e4543fda100f
Vita Mia,69720080a016baffe7017c84
Villarrica Grill,635651efe6f8bbeb845a2f76
Noony Coq,6a0c81b5b2bfdad9c66d2fa7
Kumpir Et Alors,66a114abf67a7b23bb2e56a2
Pizzeria Titryt Marrakech,69f72c2f035bfbaff549a4ee
Saykouk Breakfast,6936e396b0a094ad2646494e
Doshift Tech,65e1b97383dfd9f2ee7ccf13
Kababe كَبَابْ,679a4bdbd44bdfd1ea8d80d3
Arij Arraihan,65e581e830b251887a8b27b2
Puerta De Mar,6491a07ac131db5b42f515c9
Pollo Rico,6984bad974d3bbe38282e831
Sushi Land,664e119dbef4494acd494353
Fast Wahib,64d5fed65049ee4d1318b598
An Mini Market,67c1dcf6066ebef15ec4ad07
Rfissa,69f74f06e2d770c109c492ef
Pizza Senatoor,64b504c5ac909e0549306645
Restaurant Jayed,64917946c3db2b714ee63e2d
Resto Crêpes,67f8eaee546a660dfbcd37c2
Chhiwat Al Bahja,68efac50a099dbc70573033e
Bubble King,6319c7eca6dcf41f9174cc8e
Verzatis,697737bd8bc4a96cfd202c52
Au Four A Bois,662b91e76b7f6d0820c75ff9
Restaurant Sky 07,665850fb57ea4ab9b545d5ae
Allo Nem,658308115579367f065261b8
Manipolio,64917370b1bb6162829c2306
Nung Thaï,66a23106f184d4dcfa8ab012
Snack Fahd,649040989527507531a72d4a
Shawarma Taouk,679b6f1528bdbecde7a05f2b
Yalma Boucherie,693567fd1d6cd7b29a561aa4
Shore Street London,6163f87aa134ba7e6d82e9cf
Cuisine Mima,686d150b39a6c34152fe4b6b
Yum Kebab,679cb9d2bf10d93d424c3118
Picardi,664c5a83ea7e1bf7f0533ed1
Sea Food Mqilla,6971ea8ff89ab0c12abd271a
Wino Food,64be5fed133ae111e354bf21
Muscafé Maroc,6979e533e760d3079c14d396
Boca Boom,656896aff48fcd94c437cc6a
Nuija Dar Tajine,65323ac4ea22bc2fc17510cf
Mb Fleuriste,6747405aee89eb76122ad0fd
Chawar'Mama,674714644d10cdd336b80f89
Salade Delivery,6213521c25ba2af9b9b5d353
Tacos Burger City,643562f7490d6e2b29a17d8a
Snack Bacha,67fcddaa898f5d38833820fc
Fruits Secs Anoual,66fd152de6144dcfc6c0b5c5
Hello Pizza,6710d147c961c6a2a2507fd8
Dar Tajine By Tigemi,66abb07a45effc17d4972cc3
La Pizza De New York,69820e66cfe2ca49c46d0930
Hassania Food,66558c47c6e261c9d00a7ac7
So Cheezy,67121beec3a76cf891e15f85
Fleuriste Kenitra,67af2cd5a5cc9af0280d4443
La Casa Del Pollo,637b99c3c6ed402069b4505b
Tony,6970bad53afd67b023036965
Subarashi Sushi,68de87d83eeb5566436edd2d
Sushi Arij,6986fe13f024e8ea28ed70d6
Fleur Fes,66b5fa1643e8591b07884ba8
Sushi Dose,69ef483229746b54f023ba10
Kimbo,678e0ed526610130e5b6e48b
Grillade Le Goût,68f0b1f20d98d841d855b325
Furano Japanese Bakery,690c6b73d77a2227a20931d0
Limoncello,67167a5b57624f10735ee8ae
Fruits Secs Garmllo,67288f8b604b701786ae2612
Yahya Fish,66d1da559a8b5241bfa0c801
Di Capri,68dd3d62d81da873b473bfc8
Argana,63c671a22bc04fb7d8080f5e
Clap The Sandwich,69ef7def8dbb43af20179267
Al Khal,69380263696acbac95e52457
Dar L’Mqila,69d9729756fa61178ee50cd6
Ayourino,6716555736133e50547a9aa1
Donatella,67694ef7d81f92dc93461add
Sunday Burger,61e03200a6dd536c66cfac96
Pain Chaud Sandwich,65dc4ac81ca40de9d9f3730e
Bo Sushi,64957d373fe52912d8cb20e6
Btb Sweets,69de45f4c6f05db448adb194
Toasty,698af099ffc8d2d5f9f30a91
Bean Lab Coffee&Co,6838757302a78acbbe69b8b3
Le Dak-Art,664743ddda7365d61976548e
O’Famous,6970d7a2662e9da53a233160
Bowl,619b58207b49d973fc71911b
Opéra,697dd2343b4e1486ebe7c1ac
Lilou Cuisine,6989bd04e76b67ad5ff1f08a
Espace Aba,696e0ea378655b00733d58be
Vape O'Dépanneur,662642ed281813309336fea8
Lyn Oriental Kitchen,6712368ff3708c61e5e781af
Charbogrill,65647ebb0d42511fe1f3b6b5
Le Resto D'Acoté,6915e24a1d7ed666f0b44d5c
Smash Burgers,66b4ac935645cec52ddc97c4
Délice Chicken Kenitra,6852c6a62677d9583209461f
Belati Brunch & Coffee,6a0590c0b4d6eb0954761191
Chicks,679b54a1c146451d17a916e2
Animal Souk,6544a77313f084536981aa15
Pizza Matteo,68c6cd092a9bd47cf2f0eed0
Red Rooster,69ca8aae6a2e78ebbbec7f09
Café Likes,66fd16b7e6144dcfc6c0b85a
Chowayat Essaada,6513ef6f75279d5b10a9901a
Silver Fork,699ae1bc0e5e0be1ad4a4901
Crepe Ti,696e4bb7d8f02d8f85bda0e4
Le 40,6641db7e0be5494c83051435
Tasty Crazy,6970b6a6662e9da53a20dd61
Snack Celia,69e8d492284b5a609d8fa073
Mr Toast,69e7590e175cc516f4bffbdb
Valley,654b5a13a9007a9717ca0539
Master,69d7ae740ba02293b30e8081
Nomo Casa,67aa6ca404bd7da1537df673
Chhiwat Agadir,634571463046135df939d0c2
Pizzeria Silvia,66619f57fdf02c742b263dc9
By Tigemi,66c7391e6b271bd499786d55
Santos,6572e605260bdcfa7376fd38
Fes Sweet,699039ddde4d600289618662
Jasmin'S Yummies,66abbdbb3d8e6ca8b40ec76b
Tarbouche Grill & Juice,65dc4c60307dbb0149589b0a
Gum Gum Bubble,663cb7d7e6f1a1000bdfbfff
Italien Chef,65436a5b5d965b0f5cdb98d3
Grillade Ladide,69e5d8625202659e59d232d8
Friend'S Food,64620660349ef4e162a6e97e
Ô Dog Taxi Casa,65315d726ac2c7de6ab5973d
Remax,6426c1110399537feb64e0c1
Fresh Stop,69e9e2d3fd2660bab3f05141
Happy Chicken,6a0f1200e480d0243379728f
French Tacos Club,696e087e9a3fa904f5ff65b1
Ibilaz Good Food,64a52fbafc099bea2c9735eb
Bento Box,675b1329b6d12dd609ef3f73
Sweet Time,677d0fe89ada4adf3a88d5d9
Sweet Time Massira,6772c6dab62de39af97ffdb5
Koffee Kuento,6870d56bca436da62ca98349
Chef Alsham,65840091afb6777449d32fcc
Chawarmati,63ef3a4815794ef9bb61f339
Mister Crousti,69808e39f388ae737b74b291
Miyo,6984b8d3b9f6e01e4efa0d86
Casse-Croute A14,697a3299c087b90e5bbdce4e
Smash Or Pass,68ff59ca93132aecc92cbc53
Cafés Carrion Mega Mall,691da18e29d2031611ebc723
La Maison Du Hot Dog,69ca4c02c7391d84fa8b17b9
La Piz',645e03a0788dde1cf36cec69
Clap The Pasta,69f08154d023ef02c69a53f4
Crave A14,697b25bea5707f4cafea7855
Mamana Ice,6740bc17c0a0cbfe261e7442
City Coffee,694a4b768b80ea7d0f4a8f7c
Marrakchi,68936dbd37d77f76161c41c4
Les Délices De Nabila,64c779986309a12f5198a097
Chicken City,67fd14e552323cfae1c08a6a
La Table Asiatique,6633baeeff814407e5e5a18e
Breads-Sandwicherie & Crêperie,65a53677a07fa4a06c07ecd4
Zero Sugar Healthy Food,6659e293c329607206dbf346
Pizza King Five,6949152b2b9fd4dbd198ac98
La Table Barbecue,6513fbc02661fa48c9e54b51
Bocadillos Akhai,68ff7a363043a092d5391f60
Box De Fleurs,664e2afaef7997ecd2be3588
Big Bocadillos,69ea2218ffb9baafc0d0d605
Kiki'S,66a7b5ced163af01f48a21ca
Chocolatl Premium,676d1cb431af698ac5b3c73b
The Box Maitre Pizzaiolo,69e627dd09b4ec241aacad64
Top Pizza Napoli,664c59217d16e8586d223026
O'Charbon,64be66396807f8fdb45c0425
Panelo,6a04324bd0a63090d485a931
The Empire Patisserie,69943a1126dc08fbcc002f5d
Technostore.Ma,6486df146b05c085967df733
Snack Aboimran,64c796764c986e2bc8387dad
Sym'S Fantasy,67a5e9dc8d7103b6acb88309
Snack 43,6895d60610d9d7b28d56d4f2
Toque Rouge,6669766a91cc9ee618cabf1f
Skyphone,677b9c13c4981e1924e5e8e0
L'Ombrina,65b78d1b239b13831d68b022
Two R,6194ecede46add002e741ba8
Le Relais,66b4975b326a28776fc90ddf
Ghasan Coffee,69d8e9d08f1d4e580fbf740a
Kakou Kebab,6765952ed259ec85c1d7c378
Capital Vape,681b486dca8d78a4c0666ae6
L'Usine A Crêpes,66e409ea3476ad65adc1f2f2
Cake & Break,6462000fd901c84e577a083a
Café Restaurant The Frame,6627777898469f032ae39f69
Café Chafia,697b212846aeaf90858c63db
Lh Pâtisserie,67c8490eec361e4e18b233f2
La Baguette Farcie Du Relais,65a8ea20aa463f321b3f9130
Jardin De Nissrine,681494a2b2836a34fcc7fed2
La Creperia,6697ad34ae78ca459b19913f
Chicken Street,66b48f5e686304d685a1c39b
Chef Kunafa,61bcb7151b969e36c2b8dea6
Burger Glory,654b8b75d5edee01e0c8497b
M.Food,64be40790c28df03e3b3dad1
Menyadi,68d509d49a3620c73d27bd0f
Ms Krabs,672cd0915f4abc822d0b0f99
Cococ Chicken,69e9fc69281fea1403ea55c5
InstaFood,628e7bb6504e3763b2279042
Melts,68c16a1b2a46b6c737c4b182
Frangos Peri Peri,656de8d0d6cd573381a9c40a
Delizio Caffé,67641604ba10f9ffa01ab249
Fresh & Fit,67fe28d5f7bdb78481ce36c4
Dar Lkamoun,632048c0fb1e0e0d7acc3503
Dar Benkirane,65f43ae59d5cb44d9cec511e
Dalla Zia,67a1dc1186a6f1376ee0f6bf
D'Vape Shop,6538d1b24fbbf05e77165ba1
Good Time Burger,69442348cfdc58d564142a1e
Hello Sushi,5f455abe6a530f23cafd9630
Crispy Corner,69de5a60e04c4f99cb72d913
Happy Pizza,647da6f05b23a3c4695d115d
Comy Food,6a0494e2efaa44a3049d8289
Chickanova,676d6b6e309e30ceba3c908d
Dream Salad,66c20d9f90ad0093dcfd3a7e
New Terminal,69da21e67b3474bdd7f525ff
O’Burger,698db3f393c243cd9285167f
Parapharmacie Fyomedic,6870f7c2e3edf17fba779224
Pain Par Bérénice - CIL,69a00e55948f16f74ea1a28e
Quick Pizza,6a033f8a4ef184e06eeefa72
Miri Crêpes Délice,6985bade1de6574a6ec31600
Atlas Food,69286d7d52d3dd93fbf10a72
Patisserie Hassani,69b7cbb42ececcecd1edf8c4
Mr Kool,681b3fa5a07cf739f26c707d
Restaurant Africain Casablanca,6a03294941ff7cfda4d6ec82
Boucherie Chef Abdou,6991d49004f9161e9c360d49
Restaurant Poissons El Alami,65cf27437a29f155e563e590
24 Gold,64b50138b952b838967e4432
Americana Brunch,6762f0d3286e2fcdd8147eb5
Association Jeunesse Etudiante,66c625eb768b21b77a56cdba
Vapelite Kénitra,681b357ea07cf739f26bedc6
Cucina Di Sabrina,64be7cb36282667c888a6cd0
Danny Dutch Döner,658c3d769ed148073231e42c
Dippinglab,6981ba83cd6232ef8c48dddb
Dermacol,642d567ab1b005e2147aebee
Annie Fleurs,60264589e6fd0f386c5c2407
Din'Art,67289584da893c6a696ca1bc
Dades Pizza,6834948182f82deb34f3139c
Café Carrion,68483e1607a883ad5ca44fdd
Cremie Jus Leo Tanger,645131a447bd0e0195da881a
Zayna Coffee Shop,69887178b957bfc3933af76b
Bondi Coffee Kitchen,660ac1bd3ecce631147ddfe9
Donut By Paris,69808e6383e0e545de1096cd
Burrito & Co,66c1de5590ad0086c8fc90a0
Boucherie Chez Mima,69c923074f8f8ed4e512a63f
Boucherie Sozana,67f4e81cfcbe578268f7f2a2
Yemma Yenou,61680236deccf06a77fa2a87
Your Day Chocolaterie,60915b2f86391bff3647c407
Boucherie Walid,64e721c96325de3a75077250
Bocadillos Del Costa,65ae4506fd66528f025bb97c
Bat&Bot,6919aa030799dd4fdc90c7e5
La Zone,65dc4eec7201ca28e6fd854a
Coin Zrika,69845960c4c2f9f2bdfa5d24
Beldi Factory,6968cafa6cccf1424701dea8
Coffee Break,696f5199c990a01ae57e32cc
Vivace Atelier,669777eb46b0ab4ea6c2f44b
Galette Du Chef Breakfast,65e1bb73444514352f877c5f
Chirita Aiko,6008397baf8095402783e999
Casita De Mamá,690228e829fd4a2e98702e0a
Bloom burger,69b52f28e79968aaabb5ae20
Coin Fournitures Scolaires,66b9eaeaa323f10a11c3f572
My Passtila,69da8fb9b43039c9a30d8bdb
Mr.Toast Gourmand,69e7623a175cc516f4c07718
Mister Sandwich & Hot Dog,66c370e6b6efc079c90e7957
Mba Paramedical,69d4c76814c8bfe213820db2
Okinawa,677e7a3e1b3acedc494c56ab
Lee Chocolat,600adeab6df35c2a262d31b9
Le Rôti,678fc14d396782865ec9a385
Le Petit Fumé,6a29397120ab8f58cef3c4e1
Le Panier,68838af727e8df93de5a5f60
Pacifish,65c1fbf66a9a4340bfddf58a
Raffinatto,6984a259b7c25d875de7749e
Snack Hawaï 21,665dd84f60d6ff65620338cb
Queen Food,69da9f67f6aa320060f51831
Pizza Le Nord,677ba6656dc8baf8c218ef21
Petcorner,6597caf79dccda12f0380006
Sandwich Tarik,64b6ad0743fb168ea9ac7feb
Saykouk,6936e04d279a3c443d0f1fe8
Para Dreamshop,698ae6cb7780a543885367be
Panda Crêpe Marina,67a1d87123ca6d937bfd8802
La Sucrerie,69690cb26cccf1424703859b
La Fermière Bistrot Crémerie,67c5941329a7707ba5dbabf3
Déco & Marc Gifts,664badaa068784f3145fd546
Fino Resto,68be9d6e8316ccceddd421be
Glofood,6447abfc1c57b85d5728eccb
Gin Khao,69281188c19e578f40aa717e
Franky Vaper,6839ba273a371acc2ada7c2a
Fougère & Jasmin,6797a065d5fc008a9fc0fd65
Fleuriste Merrakech,68d908b3cb9a84f5d12a9301
Fleuriste Atelier,65081a872b0e3e71ffa36c7a
Fleurilège Odarb -Sidi Maarouf,68078614eb207d10687fda74
Family Toys,63ada0051db1d349955620e3
Familia Bldy,64b5073a09203138621a7df7
Empa'Loka,69e4f2eda6c6449812d67bb4
El Pan Bakery,697e153859d245c1f42b6f60
Délices Marocains,691c8c678a44559df79521a2
Golden Food,6479ce039b38a56e43277618
Harlem American Food,678a45ccd792aae52a62b5bd
Soso Lobi Tanger,67f64eb5b18bf63457481948
Juice Fit,66be35c492df48ed233c8fa8
La Barquette Gourmande,69dcc686bae1a1d5eed27346
Le Coin Electro,642d5bb4aad5f89261dcd34d
Koki Chiki,68c6da6307fcd73436c2e482
Joana Food,69c90f344f8f8ed4e51216bf
Sushi Sushi,69708cd3662e9da53a1e135c
Hortensia  Café,672a2d54ae1247cdb8e72c7a
Tamo Flowers,63af028e7ddb02788d23db80
Achab Harhoura,66e40d77cf14eec99fff2fa7
Achsoft,654a00d426a1e6425fa970ef
Adalia Flower,67a9f4da0c2302882f659deb
ADELIS -  Breakfast,663e009742751a000dc0422c
Al Sufra Loubnania,651c17a9025840b77ec1d4de
Alpha Burger,672369ae26fd660f62e04887
Amazing Flowrs,69c8f7054f8f8ed4e511c5c7
Americana Express,6762f62c40d56491c84a2278
Americana Gelato & Dessert,6762f3f072c3c5070399927d
Amigo Food,6448fdd235e61b81d005b8cf
Amore Ice,68af2c42cdd1ad064815976d
Anbar Resataurant,6a0ec70ee402c683aeda4c7c
Anour,69f86d8cc2c8d5944ef07685
Asia Halal Hub,67ed2d825fb6799b9ad27353
Asmama Shop,6537d80ce2a829616b8d4e7a
Atlas  - Sweets,6523c7b3d7336bb08bccd053
A-Ttine Signature,683589d7ac2e34545d9da2f8
Aux Crevette,67a491af490f24ce43f8738e
Ayourino - Breakfast,66f3e2f9d8b1cbc8410d8750
Baba Turc,676057737a75e9a06337fb40
Babali Darb,688b7665b0e8b5306bbeeab1
Bachandi,6a0482de3455e667eff71c81
Bar À Fleurs,67af102ec3318d00efd385e4
Bazarcom,6551e552fb77890de8c468cb
Be Chef,6a1ee7346f02f1e004b0653e
Beyrouth Street Food,6659e91b23c29686b8a95e41
Big Mami,6981afdb737c4b06f378210e
Big Smash,673f0d3d8adc3a3219e34b30
Bio For You,5ec3e298b9cdad000197db27
Bombay,69e345e85202659e59ba24c7
Bopster - Korean Street Bowl,69e1e7a6bc6c953d71003e83
Botanika Marrakech,691de6db29d2031611efeab9
Boucherie Ladide,69f86499c2c8d5944ef00d9a
Boucherie Le Cristal,69a2c54dcaebd96687130134
Boutique G.Luxe,65f2c09aebde0d616b3ccd20
Caddy Box,6871116ee3edf17fba78673e
Café La Galette Du Chef,65e1b941e8ed2176299f65e8
Café Pâtisserie Housni,698c7b0dbf75a5ba265b722c
Cafe Restaurant Classico,64b8f5ced9e15e38f24a5db0
Café-Haj Mohamed Et Ali Soussi,63456ee9bdd4c776bbb1fb23
Cake & Break-Breakfast,6520192df7abd23450fcce4f
Cali Burger,63873da8ff16145d0660ea0d
Capriso Glacier - Bachkou,6a04497b1fdb959c02d56def
Casa Del Gusto,693585601d6cd7b29a56dbe3
Cedra Flower Casa,67a9dba394cf8b1bff50b53c
Centro Coffee,67249cd0a68b29d51c92a1a1
Chee Is Thai,69ddfbe5f1262c7753f83269
Chems Blouse,643d31fa015cd63b9681ce34
Chez Heisenberg,6712263f969d8038db44ea4b
Chez Lbena,68148f8775539c33194f3d31
Chickandy,62b98f89abd957d4dbfee23a
Chicken Sweet,69edff53946a25154750e3b7
Chickon,69d9468309e9faf61b745b43
Chicobel,678fafb0c4fa7e0fe76097a7
Chiwatines,69ef5028e492fabe99d903e9
Belhaj Fast Food,6461f87d6ca2b8debf028256
Cozy Café Restaurant,6657146820fb0b8b4eb68fad
Fleurilège Odarb - Dar Bouazza,68077ce0eb207d10687f6862
Pain Par Bérénice - Maarif,69a007dd5cc723a6fcf69080
Breakfast By Kiki'S,66b48da68d44ebee9a390fe4
Chick'N'Spice,69f098d231d37395bfa7b417
Clap The Sandwich,69ef7def8dbb43af20179267
Nomo Tamaris,67aa6abc88714a23fc68fac7
Cactus - Breakfast,651ae995fb0688814f2e142b